﻿<?xml version="1.0" encoding="utf-8"?>
<KLBImageEditor_Plugin id="2c48ad1c-d5f8-4a3e-9b19-a0fb1d3c8c01">
  <ProjectPropertyModel>
    <Version>0.2.0</Version>
    <ProjectFile>goblins.png.xml</ProjectFile>
    <ProjectFileRelativeDir />
    <SaveDate>2020-06-06T15:44:51</SaveDate>
    <EditState>false</EditState>
    <VisibleImage>false</VisibleImage>
    <VisiblePolygon>false</VisiblePolygon>
    <VisibleMask>false</VisibleMask>
    <VisibleBoundBox>false</VisibleBoundBox>
    <VisibleGrid>false</VisibleGrid>
    <VisibleProperty>false</VisibleProperty>
  </ProjectPropertyModel>
  <ContainerPropertyModel />
  <ImageModel>
    <isAdditive>false</isAdditive>
    <ImgFileSize>212961</ImgFileSize>
    <ImgFileDate>2020/5/7 21:10:20</ImgFileDate>
    <ImgPathName>goblins.png</ImgPathName>
    <PriorityOffset>0</PriorityOffset>
    <ImageType>Default</ImageType>
    <ImageTypeParams />
    <VerticesClockwise>true</VerticesClockwise>
    <Center>
      <X>0</X>
      <Y>0</Y>
    </Center>
    <Width>1024</Width>
    <Height>128</Height>
    <VertexPostProcessMode>0</VertexPostProcessMode>
    <BoundingBox>
      <Location>
        <X>0</X>
        <Y>0</Y>
      </Location>
      <Size>
        <Width>1024</Width>
        <Height>128</Height>
      </Size>
      <X>0</X>
      <Y>0</Y>
      <Width>1024</Width>
      <Height>128</Height>
    </BoundingBox>
    <Vertices>
      <PointF>
        <X>0</X>
        <Y>0</Y>
      </PointF>
      <PointF>
        <X>1024</X>
        <Y>0</Y>
      </PointF>
      <PointF>
        <X>1024</X>
        <Y>128</Y>
      </PointF>
      <PointF>
        <X>0</X>
        <Y>128</Y>
      </PointF>
    </Vertices>
    <Indices>AAECAw==</Indices>
    <ImgAlphaType>TYPE_ALPHA_8BIT</ImgAlphaType>
    <MaskCompress>true</MaskCompress>
    <MaskX>0</MaskX>
    <MaskY>0</MaskY>
    <MaskWidth>1024</MaskWidth>
    <MaskHeight>128</MaskHeight>
    <Mask>//8B//8BAAIB</Mask>
  </ImageModel>
</KLBImageEditor_Plugin>