﻿<?xml version="1.0" encoding="utf-8"?>
<KLBImageEditor_Plugin id="c53b5d38-2b2a-47f6-bbab-4d32ed23697c">
  <ProjectPropertyModel>
    <Version>0.2.0</Version>
    <ProjectFile>tank.png.xml</ProjectFile>
    <ProjectFileRelativeDir />
    <SaveDate>2020-06-06T11:38:31</SaveDate>
    <Comment />
    <EditState>true</EditState>
    <VisibleImage>true</VisibleImage>
    <VisiblePolygon>false</VisiblePolygon>
    <VisibleMask>false</VisibleMask>
    <VisibleBoundBox>false</VisibleBoundBox>
    <VisibleGrid>true</VisibleGrid>
    <VisibleProperty>true</VisibleProperty>
  </ProjectPropertyModel>
  <ContainerPropertyModel />
  <ImageModel>
    <isAdditive>false</isAdditive>
    <ImgFileSize>611484</ImgFileSize>
    <ImgFileDate>2020/5/7 21:10:20</ImgFileDate>
    <ImgPathName>tank.png</ImgPathName>
    <PriorityOffset>0</PriorityOffset>
    <ImageType>Default</ImageType>
    <ImageTypeParams />
    <VerticesClockwise>true</VerticesClockwise>
    <Center>
      <X>512</X>
      <Y>512</Y>
    </Center>
    <Width>1024</Width>
    <Height>1024</Height>
    <VertexPostProcessMode>0</VertexPostProcessMode>
    <BoundingBox>
      <Location>
        <X>0</X>
        <Y>0</Y>
      </Location>
      <Size>
        <Width>1024</Width>
        <Height>1024</Height>
      </Size>
      <X>0</X>
      <Y>0</Y>
      <Width>1024</Width>
      <Height>1024</Height>
    </BoundingBox>
    <Vertices>
      <PointF>
        <X>0</X>
        <Y>0</Y>
      </PointF>
      <PointF>
        <X>1024</X>
        <Y>0</Y>
      </PointF>
      <PointF>
        <X>1024</X>
        <Y>1024</Y>
      </PointF>
      <PointF>
        <X>0</X>
        <Y>1024</Y>
      </PointF>
    </Vertices>
    <Indices>AAECAw==</Indices>
    <ImgAlphaType>TYPE_ALPHA_8BIT</ImgAlphaType>
    <MaskCompress>true</MaskCompress>
    <MaskX>0</MaskX>
    <MaskY>0</MaskY>
    <MaskWidth>1024</MaskWidth>
    <MaskHeight>1024</MaskHeight>
    <Mask>//8B//8B//8B//8B//8B//8B//8B//8B//8B//8B//8B//8B//8B//8B//8B//8BABAB</Mask>
  </ImageModel>
</KLBImageEditor_Plugin>