﻿<?xml version="1.0" encoding="utf-8"?>
<KLBTextureEditor_Plugin id="5e70d8c4-aae1-4651-8189-6b5848deaf48">
  <ProjectPropertyModel>
    <Version>0.1.0</Version>
    <ProjectFile>texture.xml</ProjectFile>
    <ProjectFileRelativeDir />
    <SaveDate>2020-06-06T15:58:12</SaveDate>
    <EditState>true</EditState>
    <ContainerScale>0.5</ContainerScale>
    <ContainerSnap>8</ContainerSnap>
    <VisibleGrid>true</VisibleGrid>
    <VisibleBoundaryLine>true</VisibleBoundaryLine>
    <VisibleImage>true</VisibleImage>
    <VisibleMask>false</VisibleMask>
    <VisiblePolygon>false</VisiblePolygon>
    <VisibleProperty>true</VisibleProperty>
    <VisibleBoundBox>false</VisibleBoundBox>
    <VisibleCenterPoint>false</VisibleCenterPoint>
    <Comment />
  </ProjectPropertyModel>
  <ContainerPropertyModel>
    <Width>2048</Width>
    <Height>2048</Height>
    <PixelFormat>RGBA4444</PixelFormat>
    <usePremultiply>false</usePremultiply>
  </ContainerPropertyModel>
  <ArrayOfTextureModel>
    <TextureModel>
      <Pos>
        <X>1024</X>
        <Y>0</Y>
      </Pos>
      <Id>0</Id>
      <Name>level_39.png</Name>
      <IsFlipX>false</IsFlipX>
      <IsFlipY>false</IsFlipY>
      <IsSwitchXY>false</IsSwitchXY>
      <ImgPathName>level_39.png</ImgPathName>
      <ZOrder>0</ZOrder>
    </TextureModel>
    <TextureModel>
      <Pos>
        <X>0</X>
        <Y>0</Y>
      </Pos>
      <Id>0</Id>
      <Name>tank.png</Name>
      <IsFlipX>false</IsFlipX>
      <IsFlipY>false</IsFlipY>
      <IsSwitchXY>false</IsSwitchXY>
      <ImgPathName>tank.png</ImgPathName>
      <ZOrder>0</ZOrder>
    </TextureModel>
    <TextureModel>
      <Pos>
        <X>0</X>
        <Y>1024</Y>
      </Pos>
      <Id>0</Id>
      <Name>spineboy.png</Name>
      <IsFlipX>false</IsFlipX>
      <IsFlipY>false</IsFlipY>
      <IsSwitchXY>false</IsSwitchXY>
      <ImgPathName>spineboy.png</ImgPathName>
      <ZOrder>0</ZOrder>
    </TextureModel>
  </ArrayOfTextureModel>
  <ArrayOfT3DModel />
</KLBTextureEditor_Plugin>