<?xml version="1.0"?>
<ResourceWrapperCache xmlns:xsi="http://www.w3.org/2001/XMLSchema-instance" xmlns:xsd="http://www.w3.org/2001/XMLSchema">
  <entries>
    <Entry>
      <resourcePath>start.lua</resourcePath>
      <resourceLastModified>0001-01-01T00:00:00</resourceLastModified>
      <resourceFileSize>0</resourceFileSize>
      <extraXmlLastModified>0001-01-01T00:00:00</extraXmlLastModified>
      <extraXmlFileSize>0</extraXmlFileSize>
    </Entry>
    <Entry>
      <id>5e70d8c4-aae1-4651-8189-6b5848deaf48</id>
      <resourcePath>texture.xml</resourcePath>
      <resourceLastModified>2020-06-06T15:58:12.1224834+08:00</resourceLastModified>
      <resourceFileSize>2083</resourceFileSize>
      <extraXmlLastModified>0001-01-01T00:00:00</extraXmlLastModified>
      <extraXmlFileSize>0</extraXmlFileSize>
    </Entry>
    <Entry>
      <id>b12a93be-dad0-40cc-9e73-60c45589f3e6</id>
      <resourcePath>TileC.png</resourcePath>
      <resourceLastModified>2014-04-21T08:26:36+08:00</resourceLastModified>
      <resourceFileSize>657</resourceFileSize>
      <extraXmlLastModified>2014-04-21T08:26:36+08:00</extraXmlLastModified>
      <extraXmlFileSize>1926</extraXmlFileSize>
    </Entry>
    <Entry>
      <id>eaa962cf-0bc7-4361-9317-c89b331f990c</id>
      <resourcePath>TileA.png</resourcePath>
      <resourceLastModified>2014-04-21T08:26:36+08:00</resourceLastModified>
      <resourceFileSize>657</resourceFileSize>
      <extraXmlLastModified>2014-04-21T08:26:36+08:00</extraXmlLastModified>
      <extraXmlFileSize>1926</extraXmlFileSize>
    </Entry>
    <Entry>
      <id>97d8d3d2-245c-4d2e-b5b7-d8e8be40f33b</id>
      <resourcePath>coin.png</resourcePath>
      <resourceLastModified>2020-05-07T21:10:20+08:00</resourceLastModified>
      <resourceFileSize>402363</resourceFileSize>
      <extraXmlLastModified>2020-06-03T19:45:14.5027199+08:00</extraXmlLastModified>
      <extraXmlFileSize>2120</extraXmlFileSize>
    </Entry>
    <Entry>
      <id>714b55d5-ce6c-4caa-b77d-f16e8925b8ad</id>
      <resourcePath>spineboy.png</resourcePath>
      <resourceLastModified>2020-05-07T21:10:20+08:00</resourceLastModified>
      <resourceFileSize>260801</resourceFileSize>
      <extraXmlLastModified>2020-06-05T09:27:39.8440402+08:00</extraXmlLastModified>
      <extraXmlFileSize>2074</extraXmlFileSize>
    </Entry>
    <Entry>
      <resourcePath>Spine/tank.atlas</resourcePath>
      <resourceLastModified>0001-01-01T00:00:00</resourceLastModified>
      <resourceFileSize>0</resourceFileSize>
      <extraXmlLastModified>0001-01-01T00:00:00</extraXmlLastModified>
      <extraXmlFileSize>0</extraXmlFileSize>
    </Entry>
    <Entry>
      <resourcePath>Spine/tank-pro.json</resourcePath>
      <resourceLastModified>0001-01-01T00:00:00</resourceLastModified>
      <resourceFileSize>0</resourceFileSize>
      <extraXmlLastModified>0001-01-01T00:00:00</extraXmlLastModified>
      <extraXmlFileSize>0</extraXmlFileSize>
    </Entry>
    <Entry>
      <resourcePath>Spine/coin-pro.json</resourcePath>
      <resourceLastModified>0001-01-01T00:00:00</resourceLastModified>
      <resourceFileSize>0</resourceFileSize>
      <extraXmlLastModified>0001-01-01T00:00:00</extraXmlLastModified>
      <extraXmlFileSize>0</extraXmlFileSize>
    </Entry>
    <Entry>
      <resourcePath>Spine/coin.atlas</resourcePath>
      <resourceLastModified>0001-01-01T00:00:00</resourceLastModified>
      <resourceFileSize>0</resourceFileSize>
      <extraXmlLastModified>0001-01-01T00:00:00</extraXmlLastModified>
      <extraXmlFileSize>0</extraXmlFileSize>
    </Entry>
    <Entry>
      <resourcePath>Spine/spineboy-pro.json</resourcePath>
      <resourceLastModified>0001-01-01T00:00:00</resourceLastModified>
      <resourceFileSize>0</resourceFileSize>
      <extraXmlLastModified>0001-01-01T00:00:00</extraXmlLastModified>
      <extraXmlFileSize>0</extraXmlFileSize>
    </Entry>
    <Entry>
      <resourcePath>Spine/spineboy.atlas</resourcePath>
      <resourceLastModified>0001-01-01T00:00:00</resourceLastModified>
      <resourceFileSize>0</resourceFileSize>
      <extraXmlLastModified>0001-01-01T00:00:00</extraXmlLastModified>
      <extraXmlFileSize>0</extraXmlFileSize>
    </Entry>
    <Entry>
      <id>c53b5d38-2b2a-47f6-bbab-4d32ed23697c</id>
      <resourcePath>tank.png</resourcePath>
      <resourceLastModified>2020-05-07T21:10:20+08:00</resourceLastModified>
      <resourceFileSize>611484</resourceFileSize>
      <extraXmlLastModified>2020-06-06T11:38:32.0213526+08:00</extraXmlLastModified>
      <extraXmlFileSize>2120</extraXmlFileSize>
    </Entry>
    <Entry>
      <resourcePath>JianZhunYuan.ttf</resourcePath>
      <resourceLastModified>0001-01-01T00:00:00</resourceLastModified>
      <resourceFileSize>0</resourceFileSize>
      <extraXmlLastModified>0001-01-01T00:00:00</extraXmlLastModified>
      <extraXmlFileSize>0</extraXmlFileSize>
    </Entry>
    <Entry>
      <id>2c48ad1c-d5f8-4a3e-9b19-a0fb1d3c8c01</id>
      <resourcePath>goblins.png</resourcePath>
      <resourceLastModified>2020-05-07T21:10:20+08:00</resourceLastModified>
      <resourceFileSize>212961</resourceFileSize>
      <extraXmlLastModified>2020-06-06T15:44:51.3286806+08:00</extraXmlLastModified>
      <extraXmlFileSize>2047</extraXmlFileSize>
    </Entry>
    <Entry>
      <resourcePath>Spine/goblins.atlas</resourcePath>
      <resourceLastModified>0001-01-01T00:00:00</resourceLastModified>
      <resourceFileSize>0</resourceFileSize>
      <extraXmlLastModified>0001-01-01T00:00:00</extraXmlLastModified>
      <extraXmlFileSize>0</extraXmlFileSize>
    </Entry>
    <Entry>
      <id>f13e7735-eb4a-4a04-8257-7ea3234692be</id>
      <resourcePath>level_39.png</resourcePath>
      <resourceLastModified>2017-12-01T14:24:49.084071+08:00</resourceLastModified>
      <resourceFileSize>1161940</resourceFileSize>
      <extraXmlLastModified>2020-06-06T14:51:54.3759693+08:00</extraXmlLastModified>
      <extraXmlFileSize>2113</extraXmlFileSize>
    </Entry>
  </entries>
</ResourceWrapperCache>